[
    {
      "id": 1,
      "name": "John Doe",
      "age": 32,
      "email": "john.doe@example.com"
    },
    {
      "id": 2,
      "name": "Jane Smith",
      "age": 28,
      "email": "jane.smith@example.com"
    },
    {
      "id": 3,
      "name": "Bob Johnson",
      "age": 45,
      "email": "bob.johnson@example.com"
    },
    {
      "id": 4,
      "name": "Emily Davis",
      "age": 25,
      "email": "emily.davis@example.com"
    },
    {
      "id": 5,
      "name": "Michael Brown",
      "age": 39,
      "email": "michael.brown@example.com"
    },
    {
      "id": 6,
      "name": "Sarah Wilson",
      "age": 31,
      "email": "sarah.wilson@example.com"
    }
  ]